{
  "train_loss": [
    2.5331173974734087,
    1.5103356419847562,
    1.264757218842323,
    1.1385342014523654,
    1.0350105355565364,
    0.9796454866345112,
    0.9166985899209976,
    0.8717302642762661,
    0.8068013927684381,
    0.7793912497850565,
    0.7348887267021033,
    0.7027082168138944,
    0.6695864085967724,
    0.6575189937765782,
    0.6228223468821782,
    0.6003791010723665,
    0.6005383047920007,
    0.5888192897232679,
    0.5712341227783606,
    0.5749670310089221
  ],
  "train_acc": [
    0.3584735576923077,
    0.5835336538461539,
    0.6625600961538461,
    0.7040264423076923,
    0.7262620192307693,
    0.7659254807692307,
    0.7821514423076923,
    0.7977764423076923,
    0.8149038461538461,
    0.8401442307692307,
    0.8461538461538461,
    0.8611778846153846,
    0.8777043269230769,
    0.8840144230769231,
    0.89453125,
    0.9020432692307693,
    0.9041466346153846,
    0.9107572115384616,
    0.9158653846153846,
    0.91796875
  ],
  "val_loss": [
    1.611466355945753,
    1.3434263519618823,
    1.204087734222412,
    1.13592260039371,
    1.0928736406823862,
    1.0654767181562341,
    1.0439406426056572,
    1.0574430512345356,
    1.099108364271081,
    1.0854809180549954,
    1.1239733151767566,
    1.118142641108969,
    1.1509837171305781,
    1.1132802056229634,
    1.1745902973672617,
    1.145454386006231,
    1.1796753199204155,
    1.1831989417905393,
    1.175309155298316,
    1.1764749910520471
  ],
  "val_acc": [
    0.5879945429740792,
    0.6684856753069577,
    0.7448840381991815,
    0.7094133697135061,
    0.7776261937244202,
    0.781718963165075,
    0.7694406548431105,
    0.7667121418826739,
    0.7803547066848567,
    0.7830832196452933,
    0.7748976807639836,
    0.7871759890859482,
    0.7871759890859482,
    0.7776261937244202,
    0.8021828103683493,
    0.7871759890859482,
    0.7980900409276944,
    0.7980900409276944,
    0.8076398362892224,
    0.7953615279672579
  ],
  "val_kappa": [
    0.6818985105886082,
    0.7225479517662781,
    0.8221407059562381,
    0.8335346965471508,
    0.8544536291627998,
    0.8629728208207479,
    0.8515733939169741,
    0.8520419914571068,
    0.8445503525097071,
    0.8673089026597178,
    0.8531971151141465,
    0.8694869930756475,
    0.8701823831598897,
    0.8664879265292921,
    0.881365700599964,
    0.8758982272761335,
    0.8829639605975026,
    0.8794350368118651,
    0.8850327002046798,
    0.8758901466946459
  ],
  "val_f1": [
    0.42323203061348214,
    0.49884678714047104,
    0.5990054734175618,
    0.5691015610658183,
    0.6422772858829936,
    0.6463046055418781,
    0.6339354450247912,
    0.6250995845349114,
    0.6401933173160915,
    0.6394906763270636,
    0.6216490351444571,
    0.6562337871183113,
    0.6377895029521596,
    0.6265826515059251,
    0.6500333314912192,
    0.6407955307165506,
    0.6468802487094016,
    0.6448115608432098,
    0.6559377321608632,
    0.6389966625585602
  ],
  "lr": [
    0.00015,
    0.0003,
    0.0002977211629518312,
    0.0002909538931178862,
    0.0002799038105676658,
    0.00026490666646784665,
    0.0002464181414529809,
    0.000225,
    0.00020130302149885031,
    0.00017604722665003956,
    0.00015,
    0.00012395277334996044,
    9.869697850114969e-05,
    7.500000000000002e-05,
    5.358185854701909e-05,
    3.509333353215331e-05,
    2.009618943233419e-05,
    9.046106882113751e-06,
    2.2788370481687965e-06,
    0.0
  ]
}