{
  "best_epoch": 60,
  "mean_dice": 0.3645058274269104,
  "mean_iou": 0.24359488487243652,
  "per_class_dice": {
    "MA": 0.00012245897960383445,
    "HE": 0.46263641119003296,
    "EX": 0.5933454036712646,
    "SE": 0.4019189476966858
  },
  "per_class_iou": {
    "MA": 0.00012245897960383445,
    "HE": 0.30093058943748474,
    "EX": 0.421814888715744,
    "SE": 0.2515115439891815
  }
}